code,country,school_age_population,urban,pre-primary,primary,secondary,National_bws,National_lws,National_nws,Urban_bws,Urban_lws,Urban_nws,Rural_bws,Rural_lws,Rural_nws,Pre-primary_bws,Pre-primary_lws,Pre-primary_nws,Primary_bws,Primary_lws,Primary_nws,Secondary_bws,Secondary_lws,Secondary_nws,National_bss,National_lss,National_nss,Urban_bss,Urban_lss,Urban_nss,Rural_bss,Rural_lss,Rural_nss,Pre-primary_bss,Pre-primary_lss,Pre-primary_nss,Primary_bss,Primary_lss,Primary_nss,Secondary_bss,Secondary_lss,Secondary_nss,National_bhs,National_lhs,National_nhs,Urban_bhs,Urban_lhs,Urban_nhs,Rural_bss,Rural_lss,Rural_nhs,Pre-primary_bhs,Pre-primary_lhs,Pre-primary_nhs,Primary_bhs,Primary_lhs,Primary_nhs,Secondary_bhs,Secondary_lhs,Secondary_nhs
AFG,Afghanistan,13162.48145,25.7539978,8.7924757,48.25932312,42.94820404,65.63266503,12.61733497,21.75,0,0,23.55767,0,0,25.520835,0,0,0,58.15,17.35,24.5,74.06666667,0,0,38.29040027,35.95959973,25.75,0,0,30.76923,0,0,20.312505,0,0,0,26.13333333,48.11666667,25.75,65,0,0,6.484962653,0,0,0,0,0,0,0,0,0,0,0,3.433333333,0,0,9.9942,0,0
ALB,Albania,503.0920105,61.22896194,14.77980137,31.69022751,53.52977371,59.43798459,0,0,0,0,0,0,0,0,0,0,0,55.843735,0,0,66.25046669,0,0,89.19905913,0,0,0,0,0,0,0,0,0,0,0,82.75689,0,0,87.87526546,0,0,81.70549016,0,0,0,0,0,0,0,0,0,0,0,71.02757,0,0,83.87890936,0,0
DZA,Algeria,9097.579102,73.18901062,6.23321867,46.25461197,47.51216888,92.15133619,<1,7.848663806,0,0,0,0,0,0,0,0,0,85.3,<1,14.7,98.2,<1,1.14,98.95,1.05,<1,0,0,0,0,0,0,0,0,0,97.78,2.22,<1,>99,<1,<1,98.58,0,0,0,0,0,0,0,0,0,0,0,97.78,0,0,>99,0,0
AND,Andorra,18.88199997,87.98326111,18.74271774,38.88888931,42.36839294,>99,<1,<1,0,0,0,0,0,0,0,0,0,>99,<1,<1,>99,<1,<1,>99,<1,<1,0,0,0,0,0,0,0,0,0,>99,<1,<1,>99,<1,<1,>99,<1,<1,0,0,0,0,0,0,0,0,0,>99,<1,<1,>99,<1,<1
AGO,Angola,12367.51074,66.17700195,17.27104187,46.07851028,36.65044785,0,0,68.47061194,0,0,0,0,0,0,0,0,0,0,0,81.5,0,0,51.75798622,0,0,0,0,0,0,0,0,0,0,0,0,0,0,0,0,0,0,0,0,0,0,0,0,0,0,0,0,0,0,0,0,0,0,0,0
ATG,Antigua and Barbuda,19.66600037,24.50422096,15.09712219,49.46099854,35.44187927,>99,<1,<1,0,0,0,0,0,0,0,0,0,>99,<1,<1,>99,<1,<1,>99,<1,<1,0,0,0,0,0,0,0,0,0,>99,<1,<1,>99,<1,<1,>99,<1,<1,0,0,0,0,0,0,0,0,0,>99,<1,<1,>99,<1,<1
ARG,Argentina,10875.03613,91.99099731,20.44214821,40.30599976,39.25186157,0,0,10.1,0,0,1.625231911,0,0,17.28244275,0,0,0,0,0,10.07518797,0,0,0,0,0,0,0,0,0,0,0,0,0,0,0,0,0,0,0,0,0,0,0,0,0,0,0,0,0,0,0,0,0,0,0,0,0,0,0
ARM,Armenia,563.835022,63.21902847,19.11818123,29.81705666,51.06476212,0,0,0,0,0,0,0,0,0,0,0,0,0,0,0,94.93,0,0,0,0,0,0,0,0,0,0,0,0,0,0,0,0,0,0,0,9.6,0,0,0,0,0,0,0,0,0,0,0,0,0,0,0,0,0,0
AUS,Australia,4424.317871,86.12398529,7.35539341,51.30910492,41.33547974,>99,<1,<1,0,0,0,0,0,0,0,0,0,>99,<1,<1,>99,<1,<1,>99,<1,<1,0,0,0,0,0,0,0,0,0,>99,<1,<1,>99,<1,<1,>99,<1,<1,0,0,0,0,0,0,0,0,0,>99,<1,<1,>99,<1,<1
AZE,Azerbaijan,1848.348022,56.03100586,25.18232536,26.53537178,48.28224945,>99,<1,<1,0,0,0,0,0,0,0,0,0,>99,<1,<1,>99,<1,<1,>99,<1,<1,0,0,0,0,0,0,0,0,0,>99,<1,<1,>99,<1,<1,>99,<1,<1,0,0,0,0,0,0,0,0,0,>99,<1,<1,>99,<1,<1
BHR,Bahrain,286.8930054,89.39395905,22.2061882,41.18225098,36.61156082,>99,<1,<1,0,0,0,0,0,0,0,0,0,>99,<1,<1,>99,<1,<1,>99,<1,<1,0,0,0,0,0,0,0,0,0,>99,<1,<1,>99,<1,<1,>99,<1,<1,0,0,0,0,0,0,0,0,0,>99,<1,<1,>99,<1,<1
BGD,Bangladesh,45180.6875,37.40499878,19.31757164,32.75720596,47.92522812,82.16883377,9.896223432,7.9349428,84.72222222,12.84722222,2.430555556,89.66346,6.73077,3.60577,0,0,0,78.23459017,13.13605802,8.629351807,93.00135879,6.998641213,<1,56.26965439,43.73034561,<1,49.65277778,49.65277778,<1,50,49.03846,<1,0,0,0,48.36926306,49.85137694,1.77936,58.149525,40.82980812,1.020666884,50.7375,42.5375,6.725,47.22,48.27,4.51,47.84,41.1,11.06,0,0,0,48.55,36.625,14.825,48.5125,47.8,3.6875
BRB,Barbados,44.80099869,31.15778732,14.18718338,44.2579422,41.55487442,>99,<1,<1,0,0,0,0,0,0,0,0,0,>99,<1,<1,>99,<1,<1,>99,<1,<1,0,0,0,0,0,0,0,0,0,>99,<1,<1,>99,<1,<1,>99,<1,<1,0,0,0,0,0,0,0,0,0,>99,<1,<1,>99,<1,<1
BLR,Belarus,1418.572998,79.04401398,23.47239113,30.99720573,45.53040314,>99,<1,<1,0,0,0,0,0,0,0,0,0,>99,<1,<1,>99,<1,<1,>99,<1,<1,0,0,0,0,0,0,0,0,0,>99,<1,<1,>99,<1,<1,>99,<1,<1,0,0,0,0,0,0,0,0,0,>99,<1,<1,>99,<1,<1
BEL,Belgium,1963.432983,98.04098511,20.19305038,40.85181427,38.95513535,>99,<1,<1,0,0,0,0,0,0,0,0,0,>99,<1,<1,>99,<1,<1,0,0,0,0,0,0,0,0,0,0,0,0,0,0,0,0,0,0,>99,<1,<1,0,0,0,0,0,0,0,0,0,>99,<1,<1,>99,<1,<1
BLZ,Belize,108.0660019,45.86548996,14.26535606,42.20013809,43.53450775,0,0,0,0,0,<1,0,0,0,0,0,0,0,0,0,0,0,0,0,0,0,0,0,0,0,0,0,0,0,0,0,0,0,0,0,0,0,0,0,0,0,0,0,0,0,0,0,0,0,0,0,0,0,0
BEN,Benin,4371.10791,47.86100006,15.68307209,42.7504425,41.56648636,44.61415,34.47887865,20.90697135,0,0,0,0,0,0,0,0,0,44.61415,36.66820294,18.71764706,0,0,26.91428571,0,0,27.82879881,0,0,0,0,0,0,0,0,0,0,0,29.9744186,0,0,23.7,0,0,0,0,0,0,0,0,0,0,0,0,0,0,0,0,0,0
BMU,Bermuda,9.213000298,100,6.338869095,40.33430862,53.32682037,0,0,0,0,0,0,0,0,0,0,0,0,0,0,0,0,0,0,0,0,0,0,0,0,0,0,0,0,0,0,0,0,0,0,0,0,>99,<1,<1,0,0,0,0,0,0,0,0,0,>99,<1,<1,>99,<1,<1
BTN,Bhutan,198.223999,41.61201477,12.35168266,45.55755234,42.09076691,64.48791045,24.52152579,10.99056376,0,0,0,0,0,0,0,0,0,58.29072848,30.67174393,11.03752759,63.08834951,29.14466019,7.766990291,86.47087329,2.784756449,10.74437026,0,0,<1,0,0,0,0,0,0,75.49668874,13.57615894,10.92715232,93.2038835,3.883495146,2.912621359,0,0,17.94382903,0,0,0,0,0,0,0,0,0,0,0,18.59234731,0,0,16.57226537
BOL,Bolivia (Plurinational State of),3269.437988,69.77300262,14.75437069,43.04296494,42.20266724,0,0,0,0,0,<1,0,0,0,0,0,0,0,0,0,0,0,0,0,0,0,0,0,0,0,0,0,0,0,0,0,0,0,0,0,0,0,0,0,0,0,0,0,0,0,0,0,0,0,0,0,0,0,0
BWA,Botswana,751.125,70.17207336,21.86001015,47.55347061,30.58652115,0,0,<1,0,0,0,0,0,0,0,0,0,0,0,<1,0,0,<1,0,0,<1,0,0,0,0,0,0,0,0,0,0,0,<1,0,0,<1,0,0,0,0,0,0,0,0,0,0,0,0,0,0,0,0,0,0
BRA,Brazil,42288.86328,86.82400513,10.99450207,33.26832581,55.73717117,0,0,15.11114008,0,0,3.533285338,0,0,44.38754156,0,0,21.23414882,0,0,17.80757255,0,0,6.461707437,0,0,5.034633714,0,0,4.019730603,0,0,9.842050736,0,0,6.90906581,0,0,4.062358711,0,0,4.742479844,61.02142,35.12563,3.85295,61.1329,36.10058,2.76652,59.79682,24.41537,15.78781,76.9631,17.03036,6.00654,61.2416,34.99303,3.76537,64.86643,33.06275,2.07082
VGB,British Virgin Islands,5.156000137,48.11869812,12.33514309,45.4228096,42.24204636,92.84286171,0,0,0,0,0,0,0,0,0,0,0,>99,<1,<1,84.27697209,0,0,>99,<1,<1,0,0,0,0,0,0,0,0,0,>99,<1,<1,>99,<1,<1,95.01602228,4.98397772,<1,0,0,0,0,0,0,0,0,0,90.74074,9.25926,<1,>99,<1,<1
BRN,Brunei Darussalam,104.8840027,77.94229889,18.44418526,37.37176132,44.18405151,0,0,0,0,0,0,0,0,0,0,0,0,0,0,0,0,0,0,0,0,0,0,0,0,0,0,0,0,0,0,0,0,0,0,0,0,>99,<1,<1,0,0,0,0,0,0,0,0,0,>99,<1,<1,>99,<1,<1
BFA,Burkina Faso,8603.526367,29.97999954,22.47865677,39.7592926,37.76205063,52.56573529,6.516983977,40.91728073,0,0,28.3,0,0,49.4,0,0,30.38922156,0,0,40.81714286,42.12308735,13.76421177,44.11270089,70.43392955,9.82730047,19.73876998,0,0,10.5,0,0,29.6,0,0,14.82035928,0,0,18.35283019,53.489239,14.39088861,32.11987239,24.63828656,0,0,0,0,0,0,0,0,0,0,0,25.82598333,0,0,7.778954977,0,0
BDI,Burundi,4111.055176,13.36600971,14.50547409,45.24123383,40.25329208,45.82022215,12.74699052,41.43278733,0,0,0,0,0,0,48.18143892,2.908668032,48.90989305,44.52999229,7.569810154,47.90019756,52.00391007,33.45970932,14.53638061,49.03169315,45.89789809,5.070408755,0,0,0,0,0,0,0,0,0,35.16038,55.92334093,8.91627907,93.34740857,6.652591429,<1,17.30881215,16.04279659,66.64839126,0,0,0,0,0,0,51.77304965,17.0212766,31.20567376,17.74279685,3.595493109,78.66171004,14.34677381,21.33260058,64.32062561
CPV,Cabo Verde,151.8739929,66.19500732,19.47667122,40.85294342,39.67038345,0,0,<1,0,0,0,0,0,0,0,0,0,0,0,<1,0,0,<1,90.39611631,8.347416912,1.256466776,0,0,0,0,0,0,0,0,0,90.636395,9.363605,<1,85.29728531,14.70271469,<1,84.11947377,0,0,0,0,0,0,0,0,0,0,0,83.440685,0,0,>99,0,0
KHM,Cambodia,4837.167969,23.80500412,21.10809517,41.99982452,36.89208221,73.32987321,<1,26.51442129,75.39737388,<1,24.60262612,72.94019934,<1,26.74418605,57.98776343,<1,42.01223657,80.1043526,2.141974461,17.75367294,76.04690117,<1,23.95309883,31.84548083,29.81018759,38.34433158,38.42432619,18.14098134,43.43469247,31.05481728,31.21262458,37.73255814,10.98226467,20.95745888,68.06027646,40.40917204,34.22353426,25.3672937,48.46454495,33.64042434,17.89503071,47.64364906,5.430556875,46.92579407,54.86499389,5.616724257,39.51828186,46.5610529,5.59269103,47.84625607,38.31928045,4.168132615,57.51258694,54.56110119,5.606490352,39.83240845,41.62168535,7.58248937,50.79582528
CMR,Cameroon,9703.892578,56.96800232,15.73343849,42.87705994,41.38950348,34.096985,30.34864407,35.55437093,0,0,29.01333995,0,0,65.04001986,0,0,39,34.096985,22.80476939,43.09824561,0,0,0,38.76213,11.90881556,49.32905444,0,0,0,0,0,0,0,0,0,38.76213,6.904536667,54.33333333,0,0,0,0,0,0,0,0,0,0,0,0,0,0,0,0,0,0,0,0,0
CYM,Cayman Islands,15.89700031,100,18.7393856,38.88784027,42.3664856,>99,<1,<1,0,0,0,0,0,0,0,0,0,>99,<1,<1,>99,<1,<1,>99,<1,<1,0,0,0,0,0,0,0,0,0,>99,<1,<1,>99,<1,<1,>99,<1,<1,0,0,0,0,0,0,0,0,0,>99,<1,<1,>99,<1,<1
CAF,Central African Republic,2110.509033,41.76996994,21.44781113,38.74316406,39.809021,15.95,7.359209001,76.690791,0,0,0,0,0,0,0,0,49.38016529,15.95,2.667153357,81.38284664,0,0,57.70608005,0,0,59,0,0,0,0,0,0,0,0,23.96694215,0,0,59,0,0,19.39677419,0,0,0,0,0,0,0,0,0,0,0,0,0,0,0,0,0,0
TCD,Chad,6973.515137,23.27900696,22.81718826,39.69260788,37.49020386,22.66207816,14.46728384,62.87063799,0,0,0,0,0,0,0,0,40.78602414,19.33625607,10.94644815,69.71729578,0,0,50.01425609,0,0,0,0,0,0,0,0,0,0,0,0,0,0,77.96666667,0,0,0,0,0,0,0,0,0,0,0,0,0,0,0,0,0,0,0,0,0
CHL,Chile,3726.273926,87.64299011,19.49502373,40.70967484,39.79530334,0,0,3.628571429,0,0,<1,0,0,9.661129568,0,0,0,0,0,3.669910471,0,0,0,0,0,0,0,0,<1,0,0,0,0,0,0,0,0,0,0,0,0,0,0,0,0,0,0,0,0,0,0,0,0,0,0,0,0,0,0
CHN,China,252536.5781,60.30800247,20.22220421,40.53044128,39.24734879,0,0,<1,0,0,0,0,0,0,0,0,0,0,0,<1,0,0,<1,0,0,41.93333333,0,0,0,0,0,0,0,0,0,0,0,1.033026667,0,0,<1,0,0,2.007133132,0,0,0,0,0,0,0,0,0,0,0,2.83158,0,0,1.164705988
HKG,"China, Hong Kong Special Administrative Region",844.8170166,100,21.74849701,40.74491882,37.50658417,>99,<1,<1,>99,<1,<1,0,0,0,0,0,0,>99,<1,<1,>99,<1,<1,>99,<1,<1,>99,<1,<1,0,0,0,0,0,0,>99,<1,<1,>99,<1,<1,>99,<1,<1,>99,<1,<1,0,0,0,0,0,0,>99,<1,<1,>99,<1,<1
MAC,"China, Macao Special Administrative Region",73.55400085,100,21.34486198,43.64004517,35.01509094,>99,<1,<1,>99,<1,<1,0,0,0,0,0,0,>99,<1,<1,>99,<1,<1,>99,<1,<1,>99,<1,<1,0,0,0,0,0,0,>99,<1,<1,>99,<1,<1,>99,<1,<1,>99,<1,<1,0,0,0,0,0,0,>99,<1,<1,>99,<1,<1
COL,Colombia,10730.71777,81.10399628,19.76855659,34.85608292,45.3753624,0,0,25.91455324,0,0,6.411633875,0,0,50.38790407,0,0,0,0,0,26.4897101,0,0,0,0,0,0,0,0,2.792301112,0,0,0,0,0,0,0,0,0,0,0,0,0,0,0,0,0,0,0,0,0,0,0,0,0,0,0,0,0,0
COM,Comoros,324.0069885,29.16387558,21.59212685,39.36303711,39.04483414,0,0,88.44988537,0,0,0,0,0,0,0,0,0,0,0,89.1705,0,0,87.73,0,0,0,0,0,0,0,0,0,0,0,0,0,0,72.85,0,0,0,0,0,0,0,0,0,0,0,0,0,0,0,0,0,0,0,0,0
COG,Congo,2146.324951,67.37302399,22.4319706,40.01332474,37.55470276,0,0,55.71663824,0,0,0,0,0,0,0,0,43.73,0,0,60.4,0,0,31.87402597,0,0,39.60706069,0,0,0,0,0,0,0,0,39.9,0,0,40.1,0,0,25.45844156,0,0,0,0,0,0,0,0,0,0,0,0,0,0,0,0,0,0
COK,Cook Islands,4.005000114,75.28089905,12.23470688,40.59925079,47.16604233,>99,<1,<1,0,0,0,0,0,0,0,0,0,>99,<1,<1,>99,<1,<1,>99,<1,<1,0,0,0,0,0,0,0,0,0,>99,<1,<1,>99,<1,<1,>99,<1,<1,0,0,0,0,0,0,0,0,0,>99,<1,<1,>99,<1,<1
CRI,Costa Rica,920.3179932,80.07601929,14.74881554,46.4874115,38.76377487,84.17128228,4.619090417,11.2096273,0,0,18.94251351,0,0,2.830125529,0,0,2.242502425,86.03497,<1,13.0645788,75.64864731,18.20262485,6.148727838,74.61759696,22.3121924,3.070210641,77.76873142,19.18436788,3.046900705,88.94389054,7.957170612,3.098938845,96.83508346,1.227914515,1.937002029,71.10723974,25.73820367,3.154556586,89.06049789,8.047662792,2.891839319,77.55541901,<1,22.44458099,0,0,17.96915964,0,0,10.05056467,0,0,6.356973878,74.89305088,<1,25.10694912,85.26332053,2.5251014,12.21157807
CUB,Cuba,1844.204956,77.10900116,18.71657372,39.56431198,41.71911621,>99,<1,<1,0,0,<1,0,0,0,0,0,0,>99,<1,<1,>99,<1,<1,>99,<1,<1,0,0,<1,0,0,0,0,0,0,>99,<1,<1,>99,<1,<1,>99,<1,<1,0,0,0,0,0,0,0,0,0,>99,<1,<1,>99,<1,<1
CIV,Côte d’Ivoire,10267.12207,51.23900223,21.40597916,38.87455368,39.71946716,0,0,50.44518851,0,0,32.07955238,0,0,71.04550289,0,0,40.46006548,0,0,56.24502853,0,0,13.81773366,0,0,50.23336058,0,0,41.61616367,0,0,64.2533996,0,0,50.08885972,0,0,52.8326674,0,0,6.4617866,0,0,72.5756507,0,0,0,0,0,0,0,0,49.5,0,0,76,0,0,0
COD,Democratic Republic of the Congo,34757.78125,45.04600143,24.24283218,42.2480011,33.50916672,0,0,51.30537789,0,0,0,0,0,0,0,0,0,0,0,51.32505107,0,0,56.5,0,0,6.86,0,0,0,0,0,0,0,0,0,0,0,6.795197953,0,0,0,0,0,0,0,0,0,0,0,0,0,0,0,0,0,0,0,0,0
DNK,Denmark,1038.459961,87.99394989,16.49856567,44.35808945,39.14334869,>99,<1,<1,0,0,0,0,0,0,0,0,0,>99,<1,<1,>99,<1,<1,>99,<1,<1,0,0,0,0,0,0,0,0,0,>99,<1,<1,>99,<1,<1,>99,<1,<1,0,0,0,0,0,0,0,0,0,>99,<1,<1,>99,<1,<1
DJI,Djibouti,257.1390076,77.91505432,15.50017738,35.48703384,49.01279068,0,0,14.39349845,0,0,4.851495534,0,0,19.42906375,0,0,0,0,0,13.17,0,0,24.25263158,0,0,8.200590503,0,0,10.11816034,0,0,25.28400027,0,0,0,0,0,6.14893617,0,0,11.98658259,0,0,0,0,0,0,0,0,0,0,0,0,0,0,0,0,0,0
DMA,Dominica,12.29100037,70.78350067,11.04873466,49.80066681,39.15059662,>99,<1,<1,0,0,0,0,0,0,0,0,0,>99,<1,<1,>99,<1,<1,>99,<1,<1,0,0,0,0,0,0,0,0,0,>99,<1,<1,>99,<1,<1,>99,<1,<1,0,0,0,0,0,0,0,0,0,>99,<1,<1,>99,<1,<1
DOM,Dominican Republic,2890.329102,81.82801819,20.03252983,40.08339691,39.88407516,0,0,10.15435835,0,0,10.34285714,0,0,11.62790698,0,0,0,0,0,10.15435835,0,0,0,0,0,0,0,0,0,0,0,0,0,0,0,0,0,0,0,0,0,0,0,0,0,0,0,0,0,0,0,0,0,0,0,0,0,0,0
ECU,Ecuador,4724.994141,63.98600769,20.66324234,39.82741547,39.50934219,87.13333333,6.575879997,6.29078667,92.5,2.003508772,5.496491228,80.8,10.99789254,8.202107457,93.3,<1,6,87,6.237100034,6.762899966,95.5,<1,4,79.83915152,1.594181818,18.56666667,87.3,<1,11.8,72.6,1.5,25.9,87.4,<1,12.2,80.4,1,18.6,91,<1,8.8,0,0,23.26666667,0,0,13.9,0,0,30.9,0,0,10.9,0,0,22.1,0,0,6.5
EGY,Egypt,27387.27539,42.72999954,16.06868744,45.51755524,38.41375351,0,0,0,0,0,0,0,0,0,0,0,0,0,0,0,0,0,0,>99,<1,<1,0,0,0,0,0,0,0,0,0,>99,<1,<1,>99,<1,<1,>99,<1,<1,0,0,0,0,0,0,0,0,0,>99,<1,<1,>99,<1,<1
SLV,El Salvador,1722.44397,72.74599457,18.47978783,40.2613945,41.25881577,81.71735272,13.6800362,4.602611079,0,0,2.971986111,0,0,4.466786692,0,0,6.291142298,80.03265925,14.81318064,5.154160108,83.9089817,11.77658074,4.314437568,87.29641045,5.264059815,7.439529734,92.47543517,4.285602898,3.23896193,84.66841184,5.770724893,9.560863268,87.10821061,5.292388004,7.599401387,86.83740923,5.108814382,8.05377639,91.90818251,3.786488133,4.305329362,0,0,0,0,0,0,0,0,0,0,0,0,0,0,0,0,0,0
GNQ,Equatorial Guinea,416.1849976,72.6270752,22.88549614,42.6135025,34.50100327,0,0,71.93585684,0,0,0,0,0,0,0,0,74.35,0,0,74.15,0,0,48.5,0,0,20.90699557,0,0,0,0,0,0,0,0,30.25632939,0,0,14.96541978,0,0,5.863260341,0,0,0,0,0,0,0,0,0,0,0,0,0,0,0,0,0,0
ERI,Eritrea,1301.66394,40.71196747,17.15926743,38.90382004,43.93691635,0,0,30.35711621,0,0,0,0,0,0,0,0,59.04603279,0,0,35.40357143,0,0,19.91785714,33.03103335,21.32400426,45.6449624,0,0,0,0,0,0,0,0,0,26.450515,16.72274081,56.82674419,46.35692646,24.69307354,28.95,4.83802226,0,0,0,0,0,0,0,0,0,0,0,3.35103,0,0,7.849259196,0,0
EST,Estonia,228.6759949,69.05097198,27.43707275,40.01906586,32.54386139,>99,<1,<1,0,0,0,0,0,0,0,0,0,>99,<1,<1,>99,<1,<1,>99,<1,<1,0,0,0,0,0,0,0,0,0,>99,<1,<1,>99,<1,<1,>99,<1,<1,0,0,0,0,0,0,0,0,0,>99,<1,<1,>99,<1,<1
SWZ,Eswatini,429.3619995,23.98093033,20.65273666,48.02334595,31.32391739,0,0,13.85484022,0,0,0,0,0,0,0,0,0,0,0,16.84576923,0,0,8.803023256,0,0,<1,0,0,0,0,0,0,0,0,0,0,0,<1,0,0,<1,0,0,0,0,0,0,0,0,0,0,0,0,0,0,0,0,0,0
ETH,Ethiopia,41526.60547,21.22500038,22.16046906,40.53834152,37.30119324,15.48697536,8.139877951,76.37314669,0,0,0,37.1134,12.88661,49.99999,0,0,0,14.868,5.607181034,79.52481897,22.0248,31.115131,46.860069,40.48694292,20.08382569,39.42923139,0,0,0,22.91667,53.645835,23.437495,0,0,0,38.53012048,20.97237952,40.4975,61.15555556,10.87392206,27.97052239,5.396133504,14.72820694,79.87565955,0,0,0,1.02041,2.04081,96.93878,0,0,0,5.2,13.8,81,7.5,24.5,68
FJI,Fiji,266.3320007,56.75022125,20.27732277,39.22585297,40.49682236,88.077,5.423,6.5,0,0,0,0,0,0,0,0,0,0,0,0,0,0,0,76.1501774,13.9498226,9.9,0,0,0,0,0,0,0,0,0,0,0,0,0,0,0,60.89,27.14,11.97,0,0,0,0,0,0,0,0,0,0,0,0,0,0,0
FIN,Finland,964.3140259,85.44602966,24.74577713,38.51608658,36.73813629,>99,<1,<1,0,0,0,0,0,0,0,0,0,>99,<1,<1,>99,<1,<1,>99,<1,<1,0,0,0,0,0,0,0,0,0,>99,<1,<1,>99,<1,<1,>99,<1,<1,0,0,0,0,0,0,0,0,0,>99,<1,<1,>99,<1,<1
FRA,France,12496.24414,80.70899963,19.92142677,33.9753685,46.10321426,>99,<1,<1,0,0,0,0,0,0,0,0,0,>99,<1,<1,>99,<1,<1,>99,<1,<1,0,0,0,0,0,0,0,0,0,>99,<1,<1,>99,<1,<1,>99,<1,<1,0,0,0,0,0,0,0,0,0,>99,<1,<1,>99,<1,<1
GMB,Gambia,954.9959717,61.93104553,29.48598671,38.59283066,31.92118073,0,0,22.9870923,0,0,0,0,0,0,0,0,31.33333333,0,0,14.95972222,0,0,11.31809949,62.93538935,37.06461065,<1,0,0,0,0,0,0,37.86486486,0,0,82.7027027,17.2972973,<1,79.64384649,20.35615351,<1,0,0,0,0,0,0,0,0,0,0,0,0,0,0,0,0,0,0
GEO,Georgia,745.4050293,59.03904724,21.52628517,42.76560974,35.70810318,0,0,0,0,0,0,0,0,0,0,0,0,0,0,<1,0,0,<1,0,0,0,0,0,0,0,0,0,0,0,0,0,0,<1,0,0,<1,0,0,0,0,0,0,0,0,0,0,0,0,0,0,<1,0,0,<1
DEU,Germany,12017.65918,77.37599945,16.61094666,24.32587814,59.0631752,>99,<1,<1,0,0,0,0,0,0,0,0,0,>99,<1,<1,>99,<1,<1,>99,<1,<1,0,0,0,0,0,0,0,0,0,>99,<1,<1,>99,<1,<1,>99,<1,<1,0,0,0,0,0,0,0,0,0,>99,<1,<1,>99,<1,<1
GHA,Ghana,10305.03809,56.70700073,15.03943062,42.11308289,42.8474884,70.74667953,<1,29.25332047,84.60694,10.40014,4.99292,73.26793,11.09794,15.63413,79.09658,5.693589478,15.20983052,76.38602,7.615140979,15.99883902,79.12117,14.47070695,6.408123045,63.63391545,13.82022105,22.54586351,71.65866276,20.39870724,7.94263,57.34184923,20.13431077,22.52384,64.01258257,16.48887621,19.49854122,62.23448424,12.31064451,25.45487125,64.84922224,19.47520776,15.67557,53.55722143,8.146839366,38.2959392,65.14888847,6.177711255,28.67340027,44.704045,9.56869672,45.72725828,55.68444962,7.490938137,36.82461224,51.56096457,8.800111794,39.63892363,52.32210218,8.464024752,39.21387306
GIB,Gibraltar,4.96999979,100,8.732394218,53.94366074,37.32394409,>99,<1,<1,>99,<1,<1,0,0,0,0,0,0,>99,<1,<1,>99,<1,<1,>99,<1,<1,>99,<1,<1,0,0,0,0,0,0,>99,<1,<1,>99,<1,<1,>99,<1,<1,>99,<1,<1,0,0,0,0,0,0,>99,<1,<1,>99,<1,<1
GRD,Grenada,23.58399963,36.3975563,14.51407719,53.14196014,32.34396362,>99,<1,<1,0,0,0,0,0,0,0,0,0,>99,<1,<1,98.6,1.4,<1,0,0,0,0,0,0,0,0,0,0,0,0,0,0,0,0,0,0,>99,<1,<1,0,0,0,0,0,0,0,0,0,>99,<1,<1,>99,<1,<1
GTM,Guatemala,5468.058105,51.43899536,21.79777527,42.47014236,35.73208237,0,0,18.94582104,0,0,<1,0,0,26.65773563,0,0,0,0,0,18.94582104,0,0,0,76.203968,0,0,0,0,1.298496241,0,0,0,0,0,0,76.203968,0,0,0,0,0,0,0,0,0,0,0,0,0,0,0,0,0,0,0,0,0,0,0
GIN,Guinea,5242.147949,36.5,21.40769386,39.1516037,39.44070435,9.498714921,23.96284823,66.53843685,0,0,43.81486905,0,0,79.94733843,0,0,14.8148577,9.498714921,25.31277262,65.18851246,0,0,0,0,0,18.05909351,0,0,7.477094424,0,0,32.42352959,0,0,22.02686015,0,0,21.99558836,0,0,5.649146438,0,0,67.61363845,0,0,0,0,0,0,0,0,0,0,0,67.61363845,0,0,0
GNB,Guinea-Bissau,729.9769897,43.77699661,23.20278549,41.96104813,34.83616638,58.7,6.4897,34.8103,0,0,0,0,0,0,0,0,0,0,0,0,0,0,0,32.4,20.37338,47.22662,0,0,0,0,0,0,0,0,0,0,0,0,0,0,0,12.3,12.9,74.8,0,0,0,0,0,0,0,0,0,0,0,0,0,0,0
HTI,Haiti,3843.266113,56.19199753,19.64342308,38.22360992,42.1329689,0,0,42.42043145,0,0,0,0,0,0,0,0,0,0,0,51.57026649,0,0,0,0,0,0,0,0,0,0,0,0,0,0,0,0,0,0,0,0,0,0,0,0,0,0,0,0,0,0,0,0,0,0,0,0,0,0,0
HND,Honduras,2852.871094,57.73001862,21.26885605,42.31211472,36.41903305,68.24607591,10.17626485,21.57765925,0,0,0,74.19355,6.085945891,19.72050411,0,0,0,64.63,0,0,51.54,0,0,82.13484988,0,0,0,0,0,23,66,11,0,0,0,0,0,0,0,0,0,12.48655573,0,0,0,0,0,19,29,52,0,0,0,5.42051,0,0,20.82262,0,0
HUN,Hungary,1518.706055,71.64395142,23.65480804,25.12876129,51.21643066,>99,<1,<1,0,0,0,0,0,0,0,0,<1,>99,<1,<1,>99,<1,<1,>99,<1,<1,0,0,0,0,0,0,0,0,0,>99,<1,<1,>99,<1,<1,>99,<1,<1,0,0,0,0,0,0,0,0,0,>99,<1,<1,>99,<1,<1
IND,India,376154.8125,34.47200012,19.86567497,32.96421432,47.1701088,67.42072409,26.57629725,6.002978661,72.43015922,20.82686884,6.742971937,66.81909058,25.10145654,8.07945288,0,0,0,66.85601192,25.36419217,7.77979591,75.49179327,18.2603072,6.247899529,64.48888547,19.01140121,16.49971332,70.83487025,15.0028477,14.16228205,62.98586939,18.75275551,18.2613751,0,0,0,63.98758572,19.46525168,16.54716259,72.7532466,9.224480314,18.02227308,52.891226,22.552532,24.556242,57.5757445,26.127099,16.2971565,52.3286205,22.1547855,25.516594,0,0,0,53.0909458,21.86192166,25.04713254,53.30996112,29.22755007,17.4624888
IDN,Indonesia,65269.12109,55.98500061,14.58655357,42.50062943,42.91281891,72.73317334,10.65610991,16.61071675,0,0,<1,0,0,<1,70.46668215,2.079670968,27.45364689,72.02755094,10.90950569,17.06294336,74.94952528,11.16367278,13.88680194,40.39568181,46.48162422,13.12269397,0,0,0,0,0,0,27.96776012,52.63856181,19.39367807,37.31742545,49.66745262,13.01512192,49.71193994,34.49137779,15.79668227,58.85557185,9.881129624,31.26329853,0,0,0,0,0,0,57.48781054,4.640286577,37.87190288,59.42362621,10.70856932,29.86780447,57.32329639,10.09860753,32.57809607
IRQ,Iraq,12793.55078,70.6780014,15.9276886,44.6692543,39.4030571,0,0,15.80304364,0,0,0,0,0,0,0,0,1.694915254,0,0,19.28,0,0,8.637963715,0,0,14.44786819,0,0,0,0,0,0,0,0,1.624293785,0,0,17.86666667,0,0,7.148659626,0,0,0,0,0,0,0,0,0,0,0,0,0,0,0,0,0,0
ISR,Israel,2216.560059,92.50099182,22.2691021,41.31108475,36.41981125,>99,<1,<1,0,0,0,0,0,0,0,0,0,>99,<1,<1,>99,<1,<1,>99,<1,<1,0,0,0,0,0,0,0,0,0,>99,<1,<1,>99,<1,<1,>99,<1,<1,0,0,0,0,0,0,0,0,0,>99,<1,<1,>99,<1,<1
ITA,Italy,9085.118164,70.73600006,18.62104607,30.90431976,50.47463226,>99,<1,<1,0,0,0,0,0,0,0,0,0,>99,<1,<1,>99,<1,<1,>99,<1,<1,0,0,0,0,0,0,0,0,0,>99,<1,<1,>99,<1,<1,>99,<1,<1,0,0,0,0,0,0,0,0,0,>99,<1,<1,>99,<1,<1
JAM,Jamaica,638.0789795,55.98507309,19.83437729,42.87149429,37.29412842,94.86407476,0,0,0,0,0,0,0,0,0,0,0,93.92449,0,0,95.88537676,0,0,94.86407476,0,0,0,0,0,0,0,0,0,0,0,93.92449,0,0,95.88537676,0,0,96.54814093,0,0,0,0,0,0,0,0,0,0,0,95.91147667,0,0,97.25691784,0,0
JOR,Jordan,3169.951904,91.20301819,15.46070766,44.24234009,40.29695129,92.69682152,6.977180114,<1,0,0,0,0,0,0,0,0,0,0,0,0,0,0,0,33.40853629,66.19754901,<1,0,0,0,0,0,0,0,0,0,0,0,0,0,0,0,0,0,0,0,0,0,0,0,0,0,0,0,0,0,0,0,0,0
KEN,Kenya,20279.63281,27.50700378,22.08070564,40.90348434,37.01580811,0,0,0,0,0,0,71.73913,3.26087,25,0,0,0,0,0,0,0,0,0,0,0,<1,0,0,<1,50,45.65218,4.34782,0,0,0,0,0,0,0,0,0,0,0,0,0,0,0,2.17391,13.04348,84.78261,0,0,0,0,0,0,0,0,0
KIR,Kiribati,41.18600082,54.83416748,21.46117592,41.32229233,37.21652985,0,0,25.85630601,0,0,0,0,0,0,0,0,0,0,0,0,0,0,0,0,0,0,0,0,0,0,0,0,0,0,0,0,0,0,0,0,0,0,0,0,0,0,0,0,0,0,0,0,0,0,0,0,0,0,0
KWT,Kuwait,779.8060303,100,15.81136894,40.26334763,43.92528534,>99,<1,<1,>99,<1,<1,0,0,0,0,0,0,>99,<1,<1,>99,<1,<1,>99,<1,<1,>99,<1,<1,0,0,0,0,0,0,>99,<1,<1,>99,<1,<1,>99,<1,<1,>99,<1,<1,0,0,0,0,0,0,>99,<1,<1,>99,<1,<1
KGZ,Kyrgyzstan,1775.650024,36.59099579,29.94914627,29.27237892,40.77847672,0,0,0,0,0,0,0,0,0,0,0,0,0,0,0,0,0,0,0,0,0,0,0,0,0,0,0,0,0,0,0,0,0,0,0,0,>99,<1,<1,0,0,0,0,0,0,0,0,0,>99,<1,<1,>99,<1,<1
LAO,Lao People's Democratic Republic,2238.533936,35.64502335,20.34161568,34.41113663,45.24724579,0,0,32.675,0,0,17.9743746,0,0,42.70602652,0,0,0,0,0,32.675,0,0,0,16.0188,61.857562,22.123638,22.64712475,60.8739958,16.47887945,11.49490074,62.52861906,25.97648021,0,0,0,16.0188,61.857562,22.123638,0,0,0,35.21,0,0,36.5,0,0,26.26,0,0,0,0,0,35.21,0,0,0,0,0
LVA,Latvia,251.9080048,68.22212982,32.65358734,47.03622055,20.31019211,>99,<1,<1,0,0,0,0,0,0,0,0,0,>99,<1,<1,>99,<1,<1,>99,<1,<1,0,0,0,0,0,0,0,0,0,>99,<1,<1,>99,<1,<1,>99,<1,<1,0,0,0,0,0,0,0,0,0,>99,<1,<1,>99,<1,<1
LBN,Lebanon,1677.987061,88.75801849,18.74174309,38.89070511,42.36749268,59.4,<1,39.85,0,0,0,0,0,0,57.2,2.75,40.05,59.7,3.1,37.2,60.6,2.6,36.8,92.6,6.6,<1,0,0,0,0,0,0,91.6,7.4,1,92,7.2,<1,95.2,3.5,1.3,36.2,59.6,4.2,0,0,0,0,0,0,34,62,4,33.6,61.8,4.6,45.9,51.1,3
LSO,Lesotho,656.6959839,28.58506775,20.49593735,46.31397247,33.19009018,0,0,0,0,0,0,0,0,0,0,0,0,0,0,0,0,0,0,0,0,3.9,0,0,0,0,0,0,0,0,0,0,0,3.9,0,0,0,0,0,0,0,0,0,0,0,0,0,0,0,0,0,0,0,0,0
LBR,Liberia,1881.473022,51.61498642,23.06793594,41.08047104,35.8515892,50.06698036,1.9369123,47.99610734,59.3577,3.21151,37.43079,35.67405,4.7315,59.59445,0,0,0,44.18011,13.41989,42.4,64.81037,10.72837333,24.46125667,26.78905061,40.24931057,32.96163882,34.60944,45.45701,19.93355,21.5262,22.15109,56.32271,0,0,0,23.78593694,36.88791306,39.32615,34.65901599,48.41206401,16.92892,69.08083,16.3004,14.61877,76.69346,12.82051,10.48603,61.48855,19.77099,18.74046,0,0,0,66.72823,16.67546,16.59631,75.25988,15.31531,9.42481
LBY,Libya,1709.463989,80.39297485,15.32263947,44.82908249,39.84827805,17,67,16,0,0,0,0,0,0,0,0,0,0,0,0,0,0,0,61.1,38.9,<1,0,0,0,0,0,0,0,0,0,0,0,0,0,0,0,13,82,5,0,0,0,0,0,0,0,0,0,0,0,0,0,0,0
MDG,Madagascar,10035.74219,37.86099625,22.40236855,34.55164719,43.04598618,0,0,62.94054917,0,0,0,0,0,0,0,0,0,0,0,63.2,0,0,74.1,61.6,10.38631701,28.01368299,79.7,0,0,59.5,0,0,0,0,0,61.6,2.8,35.6,52.15,26.75,21.1,0,0,0,0,0,0,0,0,0,0,0,0,0,0,0,0,0,0
MWI,Malawi,7709.413086,17.17400551,22.56016159,41.63526917,35.80456924,77.72591,14.59084354,7.683246463,0,0,2.755357143,68.18182,24.11222762,7.705952381,0,0,0,87.27,4.241111111,8.488888889,81.7,13.18611111,5.113888889,65.13990043,18.54217171,16.31792786,73.51428571,4.146428571,22.33928571,62.22415726,21.60791488,16.16792786,0,0,0,75.08823529,6.35105042,18.56071429,56.3,8.489285714,35.21071429,20.69959,2.82982,76.47059,0,0,54.91071429,12.94118,10.58823,76.47059,0,0,0,28.458,12.54788235,58.99411765,0,0,62.69705882
MYS,Malaysia,7388.986816,76.60700989,12.95177555,40.88444138,46.16378403,98.05297395,1.947026047,<1,0,0,0,0,0,0,0,0,0,97.13520667,2.864793333,<1,98.90086585,1.099134147,<1,>99,<1,<1,0,0,0,0,0,0,0,0,0,>99,<1,<1,>99,<1,<1,97.61723412,2.382765875,<1,0,0,0,0,0,0,0,0,0,97.13520667,2.864793333,<1,98.0622273,1.937772696,<1
MDV,Maldives,99.19100189,40.23752213,22.83271599,50.77174377,26.39554024,>99,<1,<1,0,0,0,0,0,0,0,0,0,>99,<1,<1,>99,<1,<1,96,0,0,0,0,0,0,0,0,0,0,0,0,0,0,0,0,0,0,0,18,0,0,0,0,0,0,0,0,0,0,0,0,0,0,0
MLI,Mali,8400.441406,43.13599777,28.11944008,40.23742294,31.64313698,70.07705479,23.60794521,6.315,86.5248227,10.2801773,3.195,59.79179999,13.98407501,26.224125,0,0,0,70.07705479,27.85609037,2.066854839,0,0,0,29.77569431,51.12430569,19.1,25,65.8,9.2,41.617645,39.358825,19.02353,0,0,0,30.29230769,50.60769231,19.1,20.1,0,0,63.3,17.69315068,19.00684932,73.75886525,14.18439716,12.05673759,37.53193372,14.25224548,48.2158208,0,0,0,63.3,17.69315068,19.00684932,0,0,0
MHL,Marshall Islands,21.46500015,77.41439819,15.64407158,42.36198425,41.99394226,3.19,0,0,0,0,0,0,0,0,0,0,0,3.19,0,0,0,0,0,26.6,0,0,0,0,0,0,0,0,0,0,0,26.6,0,0,0,0,0,36.17,0,0,0,0,0,0,0,0,0,0,0,36.17,0,0,0,0,0
MRT,Mauritania,1708.463013,54.50700378,21.9106884,39.4916954,38.5976181,0,0,79.06375981,0,0,0,0,0,0,0,0,0,0,0,81.9,0,0,58.075,21.28316247,18.28357846,60.43325907,0,0,0,0,0,0,0,0,0,19.876435,20.273565,59.85,32.26892175,1.831078253,65.9,0,0,0,0,0,0,0,0,0,0,0,0,0,0,0,0,0,0
MUS,Mauritius,237.5950012,40.76601028,10.84997559,36.25623322,52.8937912,>99,<1,<1,0,0,0,0,0,0,0,0,0,>99,<1,<1,>99,<1,<1,>99,<1,<1,0,0,0,0,0,0,0,0,0,>99,<1,<1,>99,<1,<1,85.78921843,0,0,0,0,0,0,0,0,0,0,0,88.67925,0,0,83.79888,0,0
MEX,Mexico,33554.87891,80.44400024,19.92574883,39.90294266,40.17130661,0,0,15.4633049,0,0,2.659030184,0,0,22.54146464,60.9,29.21,9.89,0,0,16.64672631,49.04,36.64170079,14.31829921,74.19124028,19.55946009,6.249299627,0,0,2.021489138,0,0,0,0,0,5.96,73.90461357,19.91072582,6.184660607,79.73403833,15.67744198,4.588519685,0,0,16.86583562,0,0,0,0,0,0,0,0,0,0,0,0,82.345,0,0
MCO,Monaco,9.536999702,100,18.73754883,38.89063644,42.37181473,>99,<1,<1,0,0,0,0,0,0,0,0,0,>99,<1,<1,>99,<1,<1,>99,<1,<1,0,0,0,0,0,0,0,0,0,>99,<1,<1,>99,<1,<1,>99,<1,<1,0,0,0,0,0,0,0,0,0,>99,<1,<1,>99,<1,<1
MNG,Mongolia,871.9719849,68.54302979,26.80246544,36.26458359,36.93295288,74.4,23.85,1.75,84.8,14.8,<1,72.9,24.7,2.4,0,0,0,72.7,23.8,3.5,73.4,25.35,1.25,63.242256,21.107744,15.65,70.2326,29.7674,<1,57.686151,17.963849,24.35,0,0,0,70.1512175,15.5987825,14.25,63.4749798,21.4750202,15.05,41.4,35.9,22.7,52.7,34.3,13,35.2,40.7,24.1,0,0,0,43.6,36.4,20,65.735,10.065,24.2
MSR,Montserrat,0.875999987,9.13242054,15.06849289,47.3744278,37.55707932,>99,<1,<1,0,0,0,0,0,0,0,0,0,>99,<1,<1,>99,<1,<1,>99,<1,<1,0,0,0,0,0,0,0,0,0,>99,<1,<1,>99,<1,<1,>99,<1,<1,0,0,0,0,0,0,0,0,0,>99,<1,<1,>99,<1,<1
MAR,Morocco,8753.176758,62.99400711,14.77737713,44.12129593,41.1013298,83.57403887,3.49052945,12.93543168,0,0,0,0,0,0,0,0,0,73.99081667,9.659183333,16.35,90.6,<1,9.4,69.939845,25.19479669,4.86535831,81.51,0,0,56.1015,0,0,0,0,0,69.939845,21.08280731,8.977347692,0,0,<1,88.98436712,0,0,0,0,0,0,0,0,0,0,0,80.912375,0,0,97.50601652,0,0
MOZ,Mozambique,12516.7832,36.52800369,23.13445091,47.64728928,29.2182579,0,0,0,0,0,0,48.08900044,<1,51.91099956,0,0,0,0,0,0,0,0,0,0,0,0,0,0,0,25.62794308,41.24200343,33.13005349,0,0,0,0,0,0,0,0,0,0,0,0,0,0,0,5.835648787,<1,93.87755,0,0,0,0,0,0,0,0,0
MMR,Myanmar,12550.1543,30.8520031,14.90631104,36.98735428,48.10633469,75.36404287,0,0,0,0,0,0,0,0,0,0,0,71.87072333,0,0,81.67820211,0,0,68.4215338,0,0,0,0,0,0,0,0,0,0,0,65.35,0,0,70.8,0,0,58.70326983,0,0,0,0,0,0,0,0,0,0,0,53.976355,0,0,62.36478103,0,0
NRU,Nauru,3.568000078,100,22.39349747,42.74103165,34.86547089,0,0,0,0,0,0,0,0,0,0,0,0,0,0,0,0,0,0,86.472,0,0,86.5,0,0,0,0,0,0,0,0,>99,<1,<1,66.18,0,0,0,0,0,0,0,0,0,0,0,0,0,0,0,0,0,0,0,0
NPL,Nepal,7996.061035,20.15299797,11.04430008,34.92924881,54.02645111,46.94453783,30.55546217,22.5,0,0,0,0,0,0,0,0,0,39.01146,0,0,76.48106388,0,0,0,0,17.08,0,0,0,0,0,0,0,0,0,0,0,0,0,0,0,0,0,0,0,0,0,0,0,0,0,0,0,0,0,0,0,0,0
NLD,Netherlands,2889.560059,91.87599182,20.01263237,38.1697197,41.81761169,>99,<1,<1,0,0,0,0,0,0,0,0,0,>99,<1,<1,>99,<1,<1,>99,<1,<1,0,0,0,0,0,0,0,0,0,>99,<1,<1,>99,<1,<1,>99,<1,<1,0,0,0,0,0,0,0,0,0,>99,<1,<1,>99,<1,<1
NIC,Nicaragua,1750.506958,58.76000595,19.82208633,44.78902435,35.38883209,53.97572455,18.36668714,27.65758831,0,0,0,53.68182961,21.70127176,24.61689863,0,0,0,0,0,31.54270461,0,0,0,12.29588106,59.05166394,28.652455,0,0,0,12.27788746,57.27650754,30.445605,0,0,0,0,0,0,0,0,0,40.12978142,0,0,0,0,0,40.15966678,0,0,0,0,0,0,0,0,0,0,0
NER,Niger,9894.884766,16.51699829,23.63311005,40.57909775,35.78779221,16.131925,2.898049464,80.97002554,0,0,60.37007289,20.33898,18.27679986,61.38422014,0,0,74.13598703,16.131925,1.634280616,82.23379438,0,0,44.98397175,25.39052333,9.946892849,64.66258382,28.3,23.36463096,48.33536904,23.411865,5.745021101,70.8431139,0,0,78.44331353,23.0489207,<1,76.9510793,0,0,43.79140611,14.5384,0,0,0,0,0,4.23729,3.38983,92.37288,0,0,0,14.5384,0,0,0,0,0
NGA,Nigeria,65744.97656,51.15700531,9.165690422,49.81684875,41.01745605,36.43979,26.89574816,36.66446184,40.99526,33.051214,25.953526,32.83302,18.849248,48.317732,0,0,0,32.05479,27.422012,40.523198,53.33333,18.20514,28.46153,37.77915,22.54690342,39.67394658,49.356586,27.199136,23.444278,27.92954,20.681146,51.389314,0,0,0,34.527748,25.583804,39.888448,45.64103,16.92307,37.4359,27.64398,10.68063,61.67539,42.65403,11.13744,46.20853,15.75985,10.31895,73.9212,0,0,0,27.80822,10.13699,62.05479,24.10256,12.82051,63.07693
NIU,Niue,0.367000014,45.50408554,7.084468842,43.59672928,49.31880188,>99,<1,<1,0,0,0,0,0,0,0,0,0,>99,<1,<1,>99,<1,<1,>99,<1,<1,0,0,0,0,0,0,0,0,0,>99,<1,<1,>99,<1,<1,>99,<1,<1,0,0,0,0,0,0,0,0,0,>99,<1,<1,>99,<1,<1
NOR,Norway,1017.296997,82.61598969,18.39462852,44.00789642,37.59747696,>99,<1,<1,0,0,0,0,0,0,0,0,0,>99,<1,<1,>99,<1,<1,>99,<1,<1,0,0,0,0,0,0,0,0,0,>99,<1,<1,>99,<1,<1,>99,<1,<1,0,0,0,0,0,0,0,0,0,>99,<1,<1,>99,<1,<1
OMN,Oman,820.3790283,85.44306946,15.96164703,34.34534454,49.69300842,>99,0,0,0,0,0,0,0,0,0,0,0,0,0,0,0,0,0,96.40428571,3.595714286,<1,0,0,0,0,0,0,0,0,0,0,0,0,0,0,0,>99,<1,<1,0,0,0,0,0,0,0,0,0,>99,<1,<1,>99,<1,<1
PAK,Pakistan,66593.8125,36.9070015,15.41524601,37.09590149,47.48884964,57.47511944,8.029225607,34.49565495,0,0,16.07857143,0,0,34.34404762,0,0,0,52.00761,10.92096143,37.07142857,80.62726476,4.27154476,15.10119048,0,0,24.37577169,0,0,16.51446554,0,0,28.72786103,0,0,0,0,0,34.7890053,0,0,4.429160173,0,0,0,0,0,0,0,0,0,0,0,0,0,0,0,0,0,0
PAN,Panama,1071.05603,68.05899811,17.45865822,42.25428009,40.28696823,0,0,19.72650702,0,0,<1,0,0,30.09140149,0,0,0,0,0,19.72650702,0,0,0,0,0,0,0,0,0,0,0,0,0,0,0,0,0,0,0,0,0,0,0,0,0,0,0,0,0,0,0,0,0,0,0,0,0,0,0
PNG,Papua New Guinea,3443.844971,13.24998665,26.20135307,41.30490875,32.49374008,46.83280137,6.434352989,46.73284564,0,0,0,0,0,0,33.90925739,7.812708966,58.27803364,45.84033837,6.290184946,47.86947668,65.18518519,23.27467267,11.54014214,46.38179,12.00309,41.61512,0,0,0,0,0,0,45.180255,13.242,41.577745,45.62600509,12.05340051,42.3205944,68.93926,9.85647,21.20427,11.66784667,42.75544333,45.57671,5.83,44.03,50.14,7.72,42.2,50.08,12.30793333,41.25764667,46.43442,11.48278541,42.70456828,45.81264631,16.32358,44.09370333,39.58271667
PRY,Paraguay,2021.087036,61.87897873,20.08156967,40.50894547,39.40948486,66.73418,29.83160924,3.434210764,0,0,<1,0,0,8.7259362,0,0,0,66.73418,29.83160924,3.434210764,0,0,0,0,0,0,0,0,0,0,0,0,0,0,0,0,0,0,0,0,0,61.87342,0,0,0,0,0,0,0,0,0,0,0,61.87342,0,0,0,0,0
PER,Peru,7556.099121,78.09900665,22.31011009,43.32789993,34.36197662,79.90055641,4.143602403,15.95584119,89.09374244,4.068264461,6.837993103,67.87498387,5.02499306,27.10002307,81.03949737,7.940835705,11.01966692,79.40345097,5.3666546,15.22989443,76.03,9.3984075,14.5715925,60.70216132,37.071289,2.226549679,79.95661349,18.60332276,1.440063753,38.64832532,57.77194917,3.579725513,53.74563365,42.78178962,3.472576731,62.30392604,36.50231697,1.193756987,67.0960375,29.4080875,3.495875,0,0,32.47282051,0,0,20.45580777,0,0,46.00664543,0,0,31.95384615,0,0,32.22408139,0,0,26.63352051
PHL,Philippines,25462.03711,47.14899826,8.879595757,52.08575821,39.0346489,46.90496648,19.58532054,33.50971298,0,0,0,0,0,0,0,0,0,45.3509,19.85243333,34.79666667,53.96065,18.35268333,27.68666667,39.09021298,53.07780797,7.831979052,0,0,0,0,0,0,0,0,0,32.7,59.3,8,68.44,24.56,7,53.76848273,10.59670813,35.63480914,0,0,0,0,0,0,0,0,0,56.26277324,8.646377836,35.09084892,39.00285946,22.81997151,38.17716903
POL,Poland,5965.083984,60.03699112,24.68265343,39.8953476,35.42198181,>99,<1,<1,0,0,0,0,0,0,0,0,0,>99,<1,<1,>99,<1,<1,>99,<1,<1,0,0,0,0,0,0,0,0,0,>99,<1,<1,>99,<1,<1,>99,<1,<1,0,0,0,0,0,0,0,0,0,>99,<1,<1,>99,<1,<1
PRT,Portugal,1456.089966,65.76399994,17.72239304,39.18178177,43.0958252,>99,<1,<1,0,0,0,0,0,0,0,0,0,>99,<1,<1,>99,<1,<1,>99,<1,<1,0,0,0,0,0,0,0,0,0,>99,<1,<1,>99,<1,<1,>99,<1,<1,0,0,0,0,0,0,0,0,0,>99,<1,<1,>99,<1,<1
QAT,Qatar,329.92099,99.18798828,24.95021629,46.57842255,28.47105789,>99,<1,<1,0,0,0,0,0,0,0,0,0,>99,<1,<1,>99,<1,<1,>99,<1,<1,0,0,0,0,0,0,0,0,0,>99,<1,<1,>99,<1,<1,>99,<1,<1,0,0,0,0,0,0,0,0,0,>99,<1,<1,>99,<1,<1
KOR,Republic of Korea,7187.519043,81.43000031,21.14287186,37.9826622,40.87446594,>99,<1,<1,0,0,0,0,0,0,0,0,0,>99,<1,<1,>99,<1,<1,>99,<1,<1,0,0,0,0,0,0,0,0,0,>99,<1,<1,>99,<1,<1,>99,<1,<1,0,0,0,0,0,0,0,0,0,>99,<1,<1,>99,<1,<1
MDA,Republic of Moldova,479.6789856,42.72607422,29.68797874,25.55375481,44.75826645,91.92114286,8.078857143,<1,0,0,0,0,0,0,0,0,0,0,0,<1,0,0,<1,80.65,19.35,<1,0,0,0,0,0,0,0,0,0,0,0,<1,0,0,<1,>99,<1,<1,0,0,0,0,0,0,0,0,0,>99,<1,<1,>99,<1,<1
ROU,Romania,3330.187988,54.08400345,18.85410118,31.96345139,49.18244934,72.33,0,0,0,0,0,0,0,0,66.72,0,0,63.52,0,0,84.71,0,0,72.11,0,0,0,0,0,0,0,0,64.39,0,0,63.99,0,0,87.32,0,0,72.11,0,0,0,0,0,0,0,0,64.39,0,0,63.99,0,0,87.32,0,0
RUS,Russian Federation,24192.83203,74.58699799,29.6714077,28.2646122,42.06398392,0,0,1.69,0,0,0,0,0,0,0,0,1.026785714,0,0,0,0,0,0,0,0,1.786666667,0,0,0,0,0,0,0,0,1.0375,0,0,0,0,0,0,0,0,0,0,0,0,0,0,0,0,0,0,0,0,0,0,0,0
RWA,Rwanda,4614.051758,17.31300354,22.73054123,41.46804047,35.80139542,54.98430996,0,0,0,0,0,0,0,0,0,0,0,53.02251867,0,0,64.90381078,0,0,64.78084101,19.67971993,15.53943906,0,0,0,0,0,0,0,0,27.7,60.74252,23.31957,15.93791,73.077081,9.852918997,17.07,51.52309802,16.59901966,31.87788232,0,0,0,0,0,0,0,0,73.7,49.90165,15.49835,34.6,49.24,24.51,26.25
KNA,Saint Kitts and Nevis,9.944000244,30.80249405,13.18382931,49.88938141,36.92678833,83.57935484,0,0,0,0,0,0,0,0,0,0,0,78.79,0,0,>99,<1,<1,0,0,0,0,0,0,0,0,0,0,0,0,0,0,0,0,0,0,83.57935484,0,0,0,0,0,0,0,0,0,0,0,78.79,0,0,>99,<1,<1
LCA,Saint Lucia,31.71299934,18.75256157,11.66398621,48.35556412,39.98044968,>99,<1,<1,0,0,0,0,0,0,0,0,0,>99,<1,<1,>99,<1,<1,>99,<1,<1,0,0,0,0,0,0,0,0,0,>99,<1,<1,>99,<1,<1,>99,<1,<1,0,0,0,0,0,0,0,0,0,>99,<1,<1,>99,<1,<1
VCT,Saint Vincent and the Grenadines,23.53499985,52.61525345,12.69173527,49.16082382,38.14744186,>99,<1,<1,0,0,0,0,0,0,0,0,0,>99,<1,<1,98.76543333,1.234566667,<1,>99,<1,<1,0,0,0,0,0,0,0,0,0,>99,<1,<1,98.76543333,1.234566667,<1,>99,<1,<1,0,0,0,0,0,0,0,0,0,>99,<1,<1,98.76543333,1.234566667,<1
WSM,Samoa,69.73000336,18.05535698,15.75935745,42.16119385,42.0794487,>99,<1,<1,0,0,0,0,0,0,0,0,0,>99,<1,<1,>99,<1,<1,0,0,<1,0,0,0,0,0,0,0,0,0,0,0,<1,0,0,<1,>99,<1,<1,0,0,0,0,0,0,0,0,0,>99,<1,<1,>99,<1,<1
SMR,San Marino,4.984000206,97.37158966,18.82022476,31.76163673,49.4181366,>99,<1,<1,0,0,0,0,0,0,0,0,0,>99,<1,<1,>99,<1,<1,>99,<1,<1,0,0,0,0,0,0,0,0,0,>99,<1,<1,>99,<1,<1,>99,<1,<1,0,0,0,0,0,0,0,0,0,>99,<1,<1,>99,<1,<1
STP,Sao Tome and Principe,84.99700165,73.59789276,21.44664001,42.08619308,36.46717072,0,0,14.71976895,0,0,0,0,0,0,0,0,38.95348837,0,0,9.503261903,0,0,4.576190476,75.81628426,7.994498205,16.18921754,0,0,0,0,0,0,0,0,15.11627907,69.98023857,15.04607722,14.97368421,0,0,10.71428571,0,0,10.31542902,0,0,0,0,0,0,0,0,0,0,0,11.95652,0,0,<1
SAU,Saudi Arabia,7962.650879,84.06500244,22.22907829,42.27981186,35.49110794,>99,<1,<1,0,0,0,0,0,0,0,0,0,>99,<1,<1,>99,<1,<1,>99,<1,<1,0,0,0,0,0,0,0,0,0,>99,<1,<1,>99,<1,<1,>99,<1,<1,0,0,0,0,0,0,0,0,0,>99,<1,<1,>99,<1,<1
SEN,Senegal,6624.64502,47.65299988,22.51516914,39.94715118,37.53767776,45.24393523,32.0755141,22.68055068,0,0,5.768299176,0,0,34.12023657,0,0,63.23616,42.4764,31.98718694,25.53641306,78.77213799,16.26040075,4.967461256,16.14745651,64.40008941,19.45245408,0,0,2.082709464,0,0,23.21569322,0,0,41.838965,9.44172,72.17792057,18.38035943,40.18878184,49.52588769,10.28533047,21.91299306,6.587006943,71.5,0,0,59.1,0,0,73.9,0,0,0,24.597375,3.902625,71.5,8.95,0,0
SRB,Serbia,1038.978027,56.25999832,24.85355759,24.75201607,50.39442444,71.97148813,0,0,0,0,0,0,0,0,0,0,0,63.404,0,0,91.48,0,0,73.72849507,0,0,0,0,0,0,0,0,0,0,0,65.64289,0,0,92.13974,0,0,73.4429632,0,0,0,0,0,0,0,0,0,0,0,65.90318,0,0,90.61135,0,0
SYC,Seychelles,21.80200005,57.1186142,14.37941456,42.8813858,42.73919678,>99,<1,<1,0,0,0,0,0,0,0,0,0,>99,<1,<1,>99,<1,<1,>99,<1,<1,0,0,0,0,0,0,0,0,0,>99,<1,<1,>99,<1,<1,>99,<1,<1,0,0,0,0,0,0,0,0,0,>99,<1,<1,>99,<1,<1
SLE,Sierra Leone,3160.275879,42.4840126,21.95963287,38.97675323,39.06358337,62.88764345,26.23485655,10.8775,0,0,0,0,0,0,73.32,24.44,2.24,55.02093667,37.44406333,7.535,71.16301612,26.45698388,2.38,20.21473194,40.48599325,39.29927481,0,0,0,0,0,0,9.5632,70.4368,20,45.7616,8.038573333,46.19982667,25.1472,44.7076445,30.1451555,0,0,63.91509434,0,0,0,0,0,0,0,0,0,0,0,25.43737,0,0,26.18363665
SGP,Singapore,506.3200073,100,21.61696243,46.24703598,32.13600159,>99,<1,<1,>99,<1,<1,0,0,0,0,0,0,>99,<1,<1,>99,<1,<1,>99,<1,<1,>99,<1,<1,0,0,0,0,0,0,>99,<1,<1,>99,<1,<1,>99,<1,<1,>99,<1,<1,0,0,0,0,0,0,>99,<1,<1,>99,<1,<1
SVK,Slovakia,883.5689697,53.72902298,19.06189537,26.01143837,54.92666626,>99,<1,<1,0,0,0,0,0,0,0,0,0,>99,<1,<1,>99,<1,<1,>99,<1,<1,0,0,0,0,0,0,0,0,0,>99,<1,<1,>99,<1,<1,>99,<1,<1,0,0,0,0,0,0,0,0,0,>99,<1,<1,>99,<1,<1
SVN,Slovenia,318.3940125,54.82201385,18.835783,40.41407776,40.75014114,>99,<1,<1,0,0,0,0,0,0,0,0,0,>99,<1,<1,>99,<1,<1,>99,<1,<1,0,0,0,0,0,0,0,0,0,>99,<1,<1,>99,<1,<1,>99,<1,<1,0,0,0,0,0,0,0,0,0,>99,<1,<1,>99,<1,<1
SLB,Solomon Islands,259.6159973,24.20998764,21.72593307,39.5630455,38.71101761,16.57,36.43,47,0,0,0,14,39,47,0,0,0,19.56,0,0,18.73,0,0,26.69,9.31,64,0,0,0,25,11,64,0,0,0,22.48,0,0,34.2,0,0,17,17,66,0,0,0,17,17,66,0,0,0,0,0,0,0,0,0
SOM,Somalia,6403.838867,45.55400467,23.51133347,41.58229065,34.90637589,0,0,44.99850867,0,0,0,0,0,0,0,0,0,0,0,46.00531475,0,0,36.95313632,0,0,59.6,0,0,0,0,0,0,0,0,0,0,0,0,0,0,0,0,0,0,0,0,0,0,0,0,0,0,0,0,0,0,0,0,0
ZAF,South Africa,15589.46973,66.85600281,18.36440849,50.13270569,31.50288582,76.65393989,23.34606011,<1,0,0,0,0,0,0,0,0,0,0,0,0,0,0,0,0,0,11.8053517,0,0,0,0,0,0,0,0,0,0,0,0,0,0,0,0,0,0,0,0,0,0,0,0,0,0,0,0,0,0,0,0,0
SSD,South Sudan,4378.320801,19.89899826,24.39519691,40.73735046,34.86745071,50.75758,9.34343,39.89899,60.60606,4.0404,35.35354,47.87234,10.99291,41.13475,0,0,0,50.75758,9.34343,39.89899,0,0,8,36.65325,37.70858166,25.63816834,66.66667,22.22222,11.11111,39.71631,23.04965,37.23404,0,0,32.1,36.65325,37.75851137,25.58823863,0,0,11.30952381,18.108585,1.491415,80.4,45.45455,0,0,13.12057,0,0,0,0,0,18.108585,1.491415,80.4,0,0,0
ESP,Spain,7236.128906,80.56499481,21.44975662,41.00325012,37.54698181,>99,<1,<1,0,0,0,0,0,0,0,0,0,>99,<1,<1,>99,<1,<1,>99,<1,<1,0,0,0,0,0,0,0,0,0,>99,<1,<1,>99,<1,<1,>99,<1,<1,0,0,0,0,0,0,0,0,0,>99,<1,<1,>99,<1,<1
LKA,Sri Lanka,4795.055176,18.58500099,7.447568417,35.58958054,56.96284866,83.14173437,<1,16.85826563,0,0,0,0,0,0,61.9744,23.6256,14.4,84.44383333,0,0,87.81624737,0,0,95.99992905,4.000070946,<1,0,0,0,0,0,0,88.8879,9.222364901,1.889735099,92.84787333,0,0,94.04273137,5.957268634,<1,0,0,0,0,0,0,0,0,0,0,0,0,0,0,0,0,0,0
SDN,Sudan,13889.93555,34.93600082,17.08209419,47.4047699,35.51313782,0,0,9.85960506,0,0,0,0,0,0,0,0,0,0,0,13.7,0,0,4.6355,0,0,38,0,0,0,0,0,0,0,0,0,0,0,28.1,0,0,10.4,0,0,75,0,0,0,0,0,0,0,0,0,0,0,86.63449,0,0,36.02968645
CHE,Switzerland,1241.525024,73.84901428,12.57743454,39.67539978,47.74716568,>99,<1,<1,0,0,0,0,0,0,0,0,0,>99,<1,<1,>99,<1,<1,>99,<1,<1,0,0,0,0,0,0,0,0,0,>99,<1,<1,>99,<1,<1,>99,<1,<1,0,0,0,0,0,0,0,0,0,>99,<1,<1,>99,<1,<1
SYR,Syrian Arab Republic,5512.057129,54.82100296,25.26294708,39.36236572,35.37468719,48.69022612,49.11034227,2.199431608,0,0,0,0,0,0,0,0,0,49.16201117,48.49591749,2.342071336,49.39189189,48.81756757,1.790540541,49.22772767,15.96441369,34.80785864,0,0,0,0,0,0,0,0,0,50.58014611,16.47328463,32.94656926,47.16216216,12.63513514,40.2027027,21.46299271,26.9121463,51.62486099,0,0,0,0,0,0,0,0,0,21.63013895,27.17375734,51.19610371,22.63513514,28.04054054,49.32432432
TJK,Tajikistan,2888.062012,27.30900574,30.08481026,29.04054642,40.87464142,78.69127517,7.558724832,13.75,93.125,3.75,3.125,73.48837209,8.641627907,17.87,0,0,0,0,0,0,0,0,0,46.6442953,35.3257047,18.03,57.5,36.25,6.25,42.79069767,35.40930233,21.8,0,0,0,0,0,0,0,0,0,25.5033557,13.08724832,61.40939597,41.25,15,43.75,20,12.09302326,67.90697674,0,0,0,0,0,0,0,0,0
TLS,Timor-Leste,469.8439941,30.94708061,21.04719925,39.28793335,39.6648674,68.55449939,4.615664961,26.82983565,0,0,0,0,0,0,0,0,0,69.10990279,3.327936467,27.56216074,62.09228503,13.99229869,23.91541628,37.92487531,28.26109726,33.81402743,0,0,0,0,0,0,0,0,0,37.28836478,28.82578616,33.88584906,42.57755102,35.23673469,22.18571429,60.1960861,0,0,0,0,0,0,0,0,0,0,0,60.92044,0,0,51.55850751,0,0
TGO,Togo,3237.594971,42.24799728,21.96405029,39.36403275,38.67191696,20.20506,22.92604913,56.86889087,0,0,0,0,0,0,0,0,0,20.20506,15.03994,64.755,0,0,48.59,65.4695582,0,0,0,0,0,0,0,0,0,0,0,62.08414011,0,0,67.87928047,0,0,0,0,0,0,0,0,0,0,0,0,0,0,0,0,0,0,0,0
TUN,Tunisia,2738.191895,69.25398254,20.15333557,39.34059525,40.506073,69.5,15.31900447,15.18099553,0,0,0,0,0,0,0,0,0,69.5,17.27169528,13.22830472,0,0,<1,62.7,22.77643659,14.52356341,0,0,0,0,0,0,0,0,0,62.7,22.77643659,14.52356341,0,0,<1,38.1,50,11.9,0,0,0,0,0,0,0,0,0,38.1,50,11.9,0,0,0
TCA,Turks and Caicos Islands,9.347999573,93.36756897,18.74197769,38.89601898,42.37269974,>99,<1,<1,0,0,0,0,0,0,0,0,0,>99,<1,<1,>99,<1,<1,>99,<1,<1,0,0,0,0,0,0,0,0,0,>99,<1,<1,>99,<1,<1,>99,<1,<1,0,0,0,0,0,0,0,0,0,>99,<1,<1,>99,<1,<1
UGA,Uganda,19970.50586,24.36100006,21.9804287,45.88396454,32.13560486,68.43501534,26.18338263,5.381602033,89.77766071,10.13633929,<1,54.02282571,34.43417117,11.54300312,0,0,0,70.04405286,23.34216729,6.613779847,0,0,0,79.56407023,16.03064343,4.405286344,79.65817558,20.34182442,<1,57.35162328,37.47597172,5.172405,0,0,0,79.73568282,15.85903084,4.405286344,0,0,<1,30.09578839,23.52830664,46.37590497,51.65729915,19.20170085,29.141,11.80571801,5.343111993,82.85117,0,0,0,31.01268722,16.12387665,52.86343612,55.79197976,0,0
UKR,Ukraine,4954.861816,69.47299194,22.30288124,30.88772202,46.80941772,0,0,0,0,0,0,0,0,0,0,0,0,0,0,0,0,0,0,0,0,0,0,0,0,0,0,0,0,0,0,0,0,0,0,0,0,81.71984001,0,0,0,0,0,0,0,0,0,0,0,73.98058333,0,0,93.21065382,0,0
ARE,United Arab Emirates,1238.291016,86.78897095,16.94779396,39.08063507,43.97156906,>99,<1,<1,0,0,0,0,0,0,0,0,0,>99,<1,<1,>99,<1,<1,>99,<1,<1,0,0,0,0,0,0,0,0,0,>99,<1,<1,>99,<1,<1,>99,<1,<1,0,0,0,0,0,0,0,0,0,>99,<1,<1,>99,<1,<1
TZA,United Republic of Tanzania,22134.71484,34.50000381,15.96729946,49.76720428,34.26549911,0,0,28.74711682,0,0,0,0,0,0,0,0,0,0,0,27.6,0,0,0,0,0,0,0,0,0,0,0,0,0,0,0,0,0,0,0,0,<1,21.07462,0,0,0,0,0,0,0,0,0,0,0,21.07462,0,0,0,0,0
USA,United States of America,62201.66016,82.45899963,19.7775116,39.35076141,40.87172699,>99,<1,<1,0,0,0,0,0,0,0,0,0,>99,<1,<1,>99,<1,<1,>99,<1,<1,0,0,0,0,0,0,0,0,0,>99,<1,<1,>99,<1,<1,>99,<1,<1,0,0,0,0,0,0,0,0,0,>99,<1,<1,>99,<1,<1
URY,Uruguay,705.190979,95.42606354,19.08872986,39.77106857,41.14020157,>99,<1,<1,0,0,<1,0,0,18.57142857,0,0,0,>99,<1,<1,>99,<1,<1,0,0,0,0,0,0,0,0,0,0,0,0,0,0,0,0,0,0,0,0,0,0,0,0,0,0,0,0,0,0,0,0,0,0,0,0
UZB,Uzbekistan,9010.235352,50.43300247,26.39015579,27.20762634,46.40221786,89.51544656,0,0,0,0,0,0,0,0,0,0,0,90.44566,0,0,89.02338,0,0,91.55438254,0,0,0,0,0,0,0,0,0,0,0,92.50578,0,0,91.05111,0,0,89.46342941,0,0,0,0,0,0,0,0,0,0,0,90.3931,0,0,88.97165,0,0
VUT,Vanuatu,106.2279968,25.39349365,15.06288338,43.49700546,41.44010925,0,0,59.19027745,0,0,0,0,0,0,0,0,64.60700418,0,0,51.07739736,0,0,58.1157338,0,0,0,0,0,0,0,0,0,0,0,0,0,0,0,0,0,0,0,0,0,0,0,0,0,0,0,0,0,0,0,0,0,0,0,0
VEN,Venezuela (Bolivarian Republic of),7677.198242,88.24000549,22.78245354,42.85730362,34.36024475,97.49,0,0,0,0,0,0,0,0,0,0,0,97.49,0,0,0,0,0,90.41,0,0,0,0,0,0,0,0,0,0,0,90.41,0,0,0,0,0,0,0,0,0,0,0,0,0,0,0,0,0,0,0,0,0,0,0
PSE,West Bank and Gaza Strip,1643.504028,76.43997192,15.56187248,29.11517143,55.32289505,78.33991008,21.66008992,<1,78.03825391,18.71924609,3.2425,80.50686382,17.90813618,1.585,0,0,2.4,80.60836502,19.39163498,<1,85.90604027,14.09395973,<1,81.12378641,18.27401889,<1,78.50714286,21.49285714,<1,83.70373134,16.29626866,<1,0,0,<1,77.56653992,22.0641979,<1,86.24161074,12.69953046,1.058858802,20.76723301,75.92159126,3.311175726,11.12315271,80.04310345,8.833743842,24.01865672,72.40373134,3.57761194,0,0,0,22.05323194,72.56355806,5.38321,28.8590604,65.69269002,5.448249574
YEM,Yemen,10659.99414,37.27300262,22.0321331,41.35912323,36.6087532,0,0,0,0,0,0,0,0,0,0,0,0,0,0,0,45.98,0,0,0,0,0,0,0,0,0,0,0,0,0,0,0,0,0,0,0,0,0,0,0,0,0,0,0,0,0,0,0,0,0,0,0,0,0,0
ZMB,Zambia,7882.068848,44.07199478,28.79415321,44.24498367,26.96086502,79.06882667,4.057573759,16.87359957,0,0,0,78.57143,5.42857,16,0,0,0,78.06882667,3.436612957,18.49456038,94,<1,5.011013729,66.4,0,0,0,0,0,23,66,11,0,0,0,0,0,0,0,0,0,56.73476573,0,0,0,0,0,19,29,52,0,0,0,55.43181487,0,0,58.03165168,0,0
ZWE,Zimbabwe,5763.859863,32.20999527,15.37469673,49.82459641,34.80070496,65.84777119,20.82203431,13.33019449,85.68,13.09,1.23,60.36,30.36,9.28,0,0,0,64.44365289,21.68661208,13.86973502,68.9629684,18.79226877,12.24476282,0,0,2.701272158,0,0,6.24,0,0,4.03,0,0,12.6225,0,0,2.38,0,0,3.3825,0,0,37.35,0,0,12.39,0,0,41.66,0,0,34.75,0,0,36.99,0,0,40.86
